32	PACKET_2	parallel	131072	344.033997	1000	1	1	1
32	PACKET_2	serial	131072	288.848999	1000	1	1	1
32	PACKET_2	parallel	65536	192.651352	1000	1	1	2
32	PACKET_2	serial	131072	287.466675	1000	1	1	2
32	PACKET_2	parallel	43690	144.605667	1000	1	1	3
32	PACKET_2	serial	131072	287.452667	1000	1	1	3
32	PACKET_2	parallel	18724	102.674995	1000	1	1	7
32	PACKET_2	serial	131072	289.098328	1000	1	1	7
32	PACKET_2	parallel	8738	198.025330	1000	1	1	15
32	PACKET_2	serial	131072	287.813995	1000	1	1	15
32	PACKET_2	parallel	131072	396.892029	1000	1	4	1
32	PACKET_2	serial	131072	288.982330	1000	1	4	1
32	PACKET_2	parallel	65536	232.604004	1000	1	4	2
32	PACKET_2	serial	131072	288.684326	1000	1	4	2
32	PACKET_2	parallel	43690	189.269653	1000	1	4	3
32	PACKET_2	serial	131072	286.591003	1000	1	4	3
32	PACKET_2	parallel	18724	142.454666	1000	1	4	7
32	PACKET_2	serial	131072	289.294647	1000	1	4	7
32	PACKET_2	parallel	8738	240.214340	1000	1	4	15
32	PACKET_2	serial	131072	294.492004	1000	1	4	15
32	PACKET_2	parallel	131072	351.451660	1000	1	8	1
32	PACKET_2	serial	131072	290.828339	1000	1	8	1
32	PACKET_2	parallel	65536	194.314667	1000	1	8	2
32	PACKET_2	serial	131072	290.306000	1000	1	8	2
32	PACKET_2	parallel	43690	131.056000	1000	1	8	3
32	PACKET_2	serial	131072	289.734009	1000	1	8	3
32	PACKET_2	parallel	18724	109.634003	1000	1	8	7
32	PACKET_2	serial	131072	291.344666	1000	1	8	7
32	PACKET_2	parallel	8738	247.617676	1000	1	8	15
32	PACKET_2	serial	131072	290.581665	1000	1	8	15
32	PACKET_2	parallel	131072	636.148010	2000	1	1	1
32	PACKET_2	serial	131072	566.223022	2000	1	1	1
32	PACKET_2	parallel	65536	347.536652	2000	1	1	2
32	PACKET_2	serial	131072	566.215332	2000	1	1	2
32	PACKET_2	parallel	43690	234.094330	2000	1	1	3
32	PACKET_2	serial	131072	566.416992	2000	1	1	3
32	PACKET_2	parallel	18724	112.468002	2000	1	1	7
32	PACKET_2	serial	131072	566.377991	2000	1	1	7
32	PACKET_2	parallel	8738	178.345337	2000	1	1	15
32	PACKET_2	serial	131072	563.129944	2000	1	1	15
32	PACKET_2	parallel	131072	691.369019	2000	1	4	1
32	PACKET_2	serial	131072	566.470642	2000	1	4	1
32	PACKET_2	parallel	65536	366.290985	2000	1	4	2
32	PACKET_2	serial	131072	574.465698	2000	1	4	2
32	PACKET_2	parallel	43690	285.286316	2000	1	4	3
32	PACKET_2	serial	131072	571.861633	2000	1	4	3
32	PACKET_2	parallel	18724	176.669006	2000	1	4	7
32	PACKET_2	serial	131072	568.895691	2000	1	4	7
32	PACKET_2	parallel	8738	188.087677	2000	1	4	15
32	PACKET_2	serial	131072	567.436646	2000	1	4	15
32	PACKET_2	parallel	131072	634.744019	2000	1	8	1
32	PACKET_2	serial	131072	565.598022	2000	1	8	1
32	PACKET_2	parallel	65536	326.803650	2000	1	8	2
32	PACKET_2	serial	131072	568.137695	2000	1	8	2
32	PACKET_2	parallel	43690	234.144333	2000	1	8	3
32	PACKET_2	serial	131072	567.421021	2000	1	8	3
32	PACKET_2	parallel	18724	115.943665	2000	1	8	7
32	PACKET_2	serial	131072	568.744995	2000	1	8	7
32	PACKET_2	parallel	8738	150.149673	2000	1	8	15
32	PACKET_2	serial	131072	563.618347	2000	1	8	15
32	PACKET_2	parallel	131072	1232.901367	4000	1	1	1
32	PACKET_2	serial	131072	1123.566284	4000	1	1	1
32	PACKET_2	parallel	65536	637.835632	4000	1	1	2
32	PACKET_2	serial	131072	1121.697998	4000	1	1	2
32	PACKET_2	parallel	43690	433.029327	4000	1	1	3
32	PACKET_2	serial	131072	1127.965332	4000	1	1	3
32	PACKET_2	parallel	18724	202.281342	4000	1	1	7
32	PACKET_2	serial	131072	1126.638306	4000	1	1	7
32	PACKET_2	parallel	8738	135.346664	4000	1	1	15
32	PACKET_2	serial	131072	1131.846680	4000	1	1	15
32	PACKET_2	parallel	131072	1232.213257	4000	1	4	1
32	PACKET_2	serial	131072	1134.041748	4000	1	4	1
32	PACKET_2	parallel	65536	642.340332	4000	1	4	2
32	PACKET_2	serial	131072	1127.259766	4000	1	4	2
32	PACKET_2	parallel	43690	483.618958	4000	1	4	3
32	PACKET_2	serial	131072	1132.219727	4000	1	4	3
32	PACKET_2	parallel	18724	241.444336	4000	1	4	7
32	PACKET_2	serial	131072	1122.156616	4000	1	4	7
32	PACKET_2	parallel	8738	192.304657	4000	1	4	15
32	PACKET_2	serial	131072	1119.659302	4000	1	4	15
32	PACKET_2	parallel	131072	1196.639648	4000	1	8	1
32	PACKET_2	serial	131072	1122.379639	4000	1	8	1
32	PACKET_2	parallel	65536	619.388977	4000	1	8	2
32	PACKET_2	serial	131072	1119.717407	4000	1	8	2
32	PACKET_2	parallel	43690	437.557007	4000	1	8	3
32	PACKET_2	serial	131072	1126.560425	4000	1	8	3
32	PACKET_2	parallel	18724	193.386673	4000	1	8	7
32	PACKET_2	serial	131072	1122.396362	4000	1	8	7
32	PACKET_2	parallel	8738	150.473999	4000	1	8	15
32	PACKET_2	serial	131072	1120.056030	4000	1	8	15
32	PACKET_2	parallel	131072	2335.926270	8000	1	1	1
32	PACKET_2	serial	131072	2229.399902	8000	1	1	1
32	PACKET_2	parallel	65536	1213.849976	8000	1	1	2
32	PACKET_2	serial	131072	2230.150635	8000	1	1	2
32	PACKET_2	parallel	43690	840.296021	8000	1	1	3
32	PACKET_2	serial	131072	2232.221924	8000	1	1	3
32	PACKET_2	parallel	18724	373.925995	8000	1	1	7
32	PACKET_2	serial	131072	2231.324951	8000	1	1	7
32	PACKET_2	parallel	8738	207.493332	8000	1	1	15
32	PACKET_2	serial	131072	2266.188232	8000	1	1	15
32	PACKET_2	parallel	131072	2390.244873	8000	1	4	1
32	PACKET_2	serial	131072	2252.333008	8000	1	4	1
32	PACKET_2	parallel	65536	1224.779053	8000	1	4	2
32	PACKET_2	serial	131072	2239.108398	8000	1	4	2
32	PACKET_2	parallel	43690	847.440002	8000	1	4	3
32	PACKET_2	serial	131072	2248.409668	8000	1	4	3
32	PACKET_2	parallel	18724	454.497009	8000	1	4	7
32	PACKET_2	serial	131072	2233.794678	8000	1	4	7
32	PACKET_2	parallel	8738	268.091980	8000	1	4	15
32	PACKET_2	serial	131072	2232.715576	8000	1	4	15
32	PACKET_2	parallel	131072	2299.943848	8000	1	8	1
32	PACKET_2	serial	131072	2245.718018	8000	1	8	1
32	PACKET_2	parallel	65536	1196.379761	8000	1	8	2
32	PACKET_2	serial	131072	2231.169189	8000	1	8	2
32	PACKET_2	parallel	43690	828.856018	8000	1	8	3
32	PACKET_2	serial	131072	2253.021973	8000	1	8	3
32	PACKET_2	parallel	18724	377.247009	8000	1	8	7
32	PACKET_2	serial	131072	2250.757324	8000	1	8	7
32	PACKET_2	parallel	8738	190.444672	8000	1	8	15
32	PACKET_2	serial	131072	2241.051270	8000	1	8	15
32	PACKET_2	parallel	131072	372.946655	1000	2	1	1
32	PACKET_2	serial	131072	290.247986	1000	2	1	1
32	PACKET_2	parallel	65536	193.104340	1000	2	1	2
32	PACKET_2	serial	131072	289.482666	1000	2	1	2
32	PACKET_2	parallel	43690	138.892670	1000	2	1	3
32	PACKET_2	serial	131072	293.468994	1000	2	1	3
32	PACKET_2	parallel	18724	114.996338	1000	2	1	7
32	PACKET_2	serial	131072	295.119995	1000	2	1	7
32	PACKET_2	parallel	8738	186.976669	1000	2	1	15
32	PACKET_2	serial	131072	292.138672	1000	2	1	15
32	PACKET_2	parallel	131072	376.173645	1000	2	4	1
32	PACKET_2	serial	131072	292.809998	1000	2	4	1
32	PACKET_2	parallel	65536	340.837311	1000	2	4	2
32	PACKET_2	serial	131072	297.662323	1000	2	4	2
32	PACKET_2	parallel	43690	284.428986	1000	2	4	3
32	PACKET_2	serial	131072	295.473328	1000	2	4	3
32	PACKET_2	parallel	18724	160.162659	1000	2	4	7
32	PACKET_2	serial	131072	295.283661	1000	2	4	7
32	PACKET_2	parallel	8738	212.865005	1000	2	4	15
32	PACKET_2	serial	131072	300.330322	1000	2	4	15
32	PACKET_2	parallel	131072	346.960663	1000	2	8	1
32	PACKET_2	serial	131072	294.493317	1000	2	8	1
32	PACKET_2	parallel	65536	176.999664	1000	2	8	2
32	PACKET_2	serial	131072	290.722321	1000	2	8	2
32	PACKET_2	parallel	43690	130.718994	1000	2	8	3
32	PACKET_2	serial	131072	290.919678	1000	2	8	3
32	PACKET_2	parallel	18724	115.251663	1000	2	8	7
32	PACKET_2	serial	131072	293.060669	1000	2	8	7
32	PACKET_2	parallel	8738	227.372330	1000	2	8	15
32	PACKET_2	serial	131072	296.934998	1000	2	8	15
32	PACKET_2	parallel	131072	622.472656	2000	2	1	1
32	PACKET_2	serial	131072	571.977356	2000	2	1	1
32	PACKET_2	parallel	65536	349.473663	2000	2	1	2
32	PACKET_2	serial	131072	573.701050	2000	2	1	2
32	PACKET_2	parallel	43690	239.671677	2000	2	1	3
32	PACKET_2	serial	131072	577.062012	2000	2	1	3
32	PACKET_2	parallel	18724	111.659332	2000	2	1	7
32	PACKET_2	serial	131072	573.326355	2000	2	1	7
32	PACKET_2	parallel	8738	198.733673	2000	2	1	15
32	PACKET_2	serial	131072	576.999390	2000	2	1	15
32	PACKET_2	parallel	131072	660.656677	2000	2	4	1
32	PACKET_2	serial	131072	566.774963	2000	2	4	1
32	PACKET_2	parallel	65536	391.183014	2000	2	4	2
32	PACKET_2	serial	131072	575.809387	2000	2	4	2
32	PACKET_2	parallel	43690	319.194000	2000	2	4	3
32	PACKET_2	serial	131072	574.972351	2000	2	4	3
32	PACKET_2	parallel	18724	157.238007	2000	2	4	7
32	PACKET_2	serial	131072	573.048950	2000	2	4	7
32	PACKET_2	parallel	8738	149.776672	2000	2	4	15
32	PACKET_2	serial	131072	570.760010	2000	2	4	15
32	PACKET_2	parallel	131072	621.406677	2000	2	8	1
32	PACKET_2	serial	131072	567.264648	2000	2	8	1
32	PACKET_2	parallel	65536	328.640350	2000	2	8	2
32	PACKET_2	serial	131072	577.656982	2000	2	8	2
32	PACKET_2	parallel	43690	234.705994	2000	2	8	3
32	PACKET_2	serial	131072	573.304321	2000	2	8	3
32	PACKET_2	parallel	18724	109.793671	2000	2	8	7
32	PACKET_2	serial	131072	581.817688	2000	2	8	7
32	PACKET_2	parallel	8738	155.465668	2000	2	8	15
32	PACKET_2	serial	131072	575.505371	2000	2	8	15
32	PACKET_2	parallel	131072	1204.266357	4000	2	1	1
32	PACKET_2	serial	131072	1127.372681	4000	2	1	1
32	PACKET_2	parallel	65536	616.197998	4000	2	1	2
32	PACKET_2	serial	131072	1133.854980	4000	2	1	2
32	PACKET_2	parallel	43690	436.212341	4000	2	1	3
32	PACKET_2	serial	131072	1139.745972	4000	2	1	3
32	PACKET_2	parallel	18724	197.013992	4000	2	1	7
32	PACKET_2	serial	131072	1128.494995	4000	2	1	7
32	PACKET_2	parallel	8738	119.215668	4000	2	1	15
32	PACKET_2	serial	131072	1129.050903	4000	2	1	15
32	PACKET_2	parallel	131072	1229.072632	4000	2	4	1
32	PACKET_2	serial	131072	1138.647583	4000	2	4	1
32	PACKET_2	parallel	65536	693.009338	4000	2	4	2
32	PACKET_2	serial	131072	1151.237671	4000	2	4	2
32	PACKET_2	parallel	43690	519.055664	4000	2	4	3
32	PACKET_2	serial	131072	1143.978271	4000	2	4	3
32	PACKET_2	parallel	18724	286.612335	4000	2	4	7
32	PACKET_2	serial	131072	1134.598633	4000	2	4	7
32	PACKET_2	parallel	8738	164.451996	4000	2	4	15
32	PACKET_2	serial	131072	1135.252319	4000	2	4	15
32	PACKET_2	parallel	131072	1183.911987	4000	2	8	1
32	PACKET_2	serial	131072	1133.992065	4000	2	8	1
32	PACKET_2	parallel	65536	613.821289	4000	2	8	2
32	PACKET_2	serial	131072	1127.980347	4000	2	8	2
32	PACKET_2	parallel	43690	438.225647	4000	2	8	3
32	PACKET_2	serial	131072	1131.934937	4000	2	8	3
32	PACKET_2	parallel	18724	200.750000	4000	2	8	7
32	PACKET_2	serial	131072	1120.421997	4000	2	8	7
32	PACKET_2	parallel	8738	119.870667	4000	2	8	15
32	PACKET_2	serial	131072	1116.294312	4000	2	8	15
32	PACKET_2	parallel	131072	2351.206543	8000	2	1	1
32	PACKET_2	serial	131072	2230.281738	8000	2	1	1
32	PACKET_2	parallel	65536	1215.522339	8000	2	1	2
32	PACKET_2	serial	131072	2226.239746	8000	2	1	2
32	PACKET_2	parallel	43690	829.183655	8000	2	1	3
32	PACKET_2	serial	131072	2228.864502	8000	2	1	3
32	PACKET_2	parallel	18724	380.533691	8000	2	1	7
32	PACKET_2	serial	131072	2228.750977	8000	2	1	7
32	PACKET_2	parallel	8738	187.859009	8000	2	1	15
32	PACKET_2	serial	131072	2230.563721	8000	2	1	15
32	PACKET_2	parallel	131072	2408.815430	8000	2	4	1
32	PACKET_2	serial	131072	2268.933350	8000	2	4	1
32	PACKET_2	parallel	65536	1261.553711	8000	2	4	2
32	PACKET_2	serial	131072	2236.656738	8000	2	4	2
32	PACKET_2	parallel	43690	867.070007	8000	2	4	3
32	PACKET_2	serial	131072	2231.937256	8000	2	4	3
32	PACKET_2	parallel	18724	410.028992	8000	2	4	7
32	PACKET_2	serial	131072	2233.691406	8000	2	4	7
32	PACKET_2	parallel	8738	272.200317	8000	2	4	15
32	PACKET_2	serial	131072	2228.491699	8000	2	4	15
32	PACKET_2	parallel	131072	2312.244141	8000	2	8	1
32	PACKET_2	serial	131072	2235.179443	8000	2	8	1
32	PACKET_2	parallel	65536	1179.565674	8000	2	8	2
32	PACKET_2	serial	131072	2229.927979	8000	2	8	2
32	PACKET_2	parallel	43690	811.358643	8000	2	8	3
32	PACKET_2	serial	131072	2235.866699	8000	2	8	3
32	PACKET_2	parallel	18724	372.315002	8000	2	8	7
32	PACKET_2	serial	131072	2233.370361	8000	2	8	7
32	PACKET_2	parallel	8738	245.129669	8000	2	8	15
32	PACKET_2	serial	131072	2237.518799	8000	2	8	15
32	PACKET_2	parallel	131072	378.777344	1000	4	1	1
32	PACKET_2	serial	131072	289.256317	1000	4	1	1
32	PACKET_2	parallel	65536	193.850677	1000	4	1	2
32	PACKET_2	serial	131072	287.860992	1000	4	1	2
32	PACKET_2	parallel	43690	138.890991	1000	4	1	3
32	PACKET_2	serial	131072	290.377319	1000	4	1	3
32	PACKET_2	parallel	18724	113.131332	1000	4	1	7
32	PACKET_2	serial	131072	290.121338	1000	4	1	7
32	PACKET_2	parallel	8738	220.742004	1000	4	1	15
32	PACKET_2	serial	131072	290.130341	1000	4	1	15
32	PACKET_2	parallel	131072	383.929016	1000	4	4	1
32	PACKET_2	serial	131072	291.476349	1000	4	4	1
32	PACKET_2	parallel	65536	238.848328	1000	4	4	2
32	PACKET_2	serial	131072	288.104340	1000	4	4	2
32	PACKET_2	parallel	43690	193.701324	1000	4	4	3
32	PACKET_2	serial	131072	292.651337	1000	4	4	3
32	PACKET_2	parallel	18724	155.940002	1000	4	4	7
32	PACKET_2	serial	131072	288.822998	1000	4	4	7
32	PACKET_2	parallel	8738	240.473999	1000	4	4	15
32	PACKET_2	serial	131072	291.503662	1000	4	4	15
32	PACKET_2	parallel	131072	345.713318	1000	4	8	1
32	PACKET_2	serial	131072	289.962006	1000	4	8	1
32	PACKET_2	parallel	65536	184.471329	1000	4	8	2
32	PACKET_2	serial	131072	292.531006	1000	4	8	2
32	PACKET_2	parallel	43690	135.833664	1000	4	8	3
32	PACKET_2	serial	131072	293.569000	1000	4	8	3
32	PACKET_2	parallel	18724	102.535339	1000	4	8	7
32	PACKET_2	serial	131072	289.947327	1000	4	8	7
32	PACKET_2	parallel	8738	242.403992	1000	4	8	15
32	PACKET_2	serial	131072	291.555328	1000	4	8	15
32	PACKET_2	parallel	131072	644.766357	2000	4	1	1
32	PACKET_2	serial	131072	571.336975	2000	4	1	1
32	PACKET_2	parallel	65536	329.861664	2000	4	1	2
32	PACKET_2	serial	131072	567.176697	2000	4	1	2
32	PACKET_2	parallel	43690	236.071991	2000	4	1	3
32	PACKET_2	serial	131072	580.719666	2000	4	1	3
32	PACKET_2	parallel	18724	109.196335	2000	4	1	7
32	PACKET_2	serial	131072	576.726685	2000	4	1	7
32	PACKET_2	parallel	8738	179.421341	2000	4	1	15
32	PACKET_2	serial	131072	571.160645	2000	4	1	15
32	PACKET_2	parallel	131072	651.067627	2000	4	4	1
32	PACKET_2	serial	131072	567.756348	2000	4	4	1
32	PACKET_2	parallel	65536	370.797668	2000	4	4	2
32	PACKET_2	serial	131072	568.310364	2000	4	4	2
32	PACKET_2	parallel	43690	297.115326	2000	4	4	3
32	PACKET_2	serial	131072	573.164673	2000	4	4	3
32	PACKET_2	parallel	18724	151.910339	2000	4	4	7
32	PACKET_2	serial	131072	573.827332	2000	4	4	7
32	PACKET_2	parallel	8738	195.740997	2000	4	4	15
32	PACKET_2	serial	131072	569.441650	2000	4	4	15
32	PACKET_2	parallel	131072	637.142334	2000	4	8	1
32	PACKET_2	serial	131072	568.856323	2000	4	8	1
32	PACKET_2	parallel	65536	330.781006	2000	4	8	2
32	PACKET_2	serial	131072	566.438660	2000	4	8	2
32	PACKET_2	parallel	43690	232.634674	2000	4	8	3
32	PACKET_2	serial	131072	567.833679	2000	4	8	3
32	PACKET_2	parallel	18724	108.336670	2000	4	8	7
32	PACKET_2	serial	131072	566.226990	2000	4	8	7
32	PACKET_2	parallel	8738	147.857666	2000	4	8	15
32	PACKET_2	serial	131072	564.310303	2000	4	8	15
32	PACKET_2	parallel	131072	1218.031372	4000	4	1	1
32	PACKET_2	serial	131072	1122.286011	4000	4	1	1
32	PACKET_2	parallel	65536	631.458679	4000	4	1	2
32	PACKET_2	serial	131072	1121.069336	4000	4	1	2
32	PACKET_2	parallel	43690	434.149689	4000	4	1	3
32	PACKET_2	serial	131072	1121.194702	4000	4	1	3
32	PACKET_2	parallel	18724	202.110992	4000	4	1	7
32	PACKET_2	serial	131072	1122.062622	4000	4	1	7
32	PACKET_2	parallel	8738	127.734337	4000	4	1	15
32	PACKET_2	serial	131072	1121.583984	4000	4	1	15
32	PACKET_2	parallel	131072	1223.786377	4000	4	4	1
32	PACKET_2	serial	131072	1124.442383	4000	4	4	1
32	PACKET_2	parallel	65536	661.846680	4000	4	4	2
32	PACKET_2	serial	131072	1119.969604	4000	4	4	2
32	PACKET_2	parallel	43690	468.497986	4000	4	4	3
32	PACKET_2	serial	131072	1123.292358	4000	4	4	3
32	PACKET_2	parallel	18724	231.223663	4000	4	4	7
32	PACKET_2	serial	131072	1128.855957	4000	4	4	7
32	PACKET_2	parallel	8738	191.919998	4000	4	4	15
32	PACKET_2	serial	131072	1126.370972	4000	4	4	15
32	PACKET_2	parallel	131072	1210.798096	4000	4	8	1
32	PACKET_2	serial	131072	1128.709351	4000	4	8	1
32	PACKET_2	parallel	65536	623.729980	4000	4	8	2
32	PACKET_2	serial	131072	1141.510620	4000	4	8	2
32	PACKET_2	parallel	43690	439.223328	4000	4	8	3
32	PACKET_2	serial	131072	1131.480103	4000	4	8	3
32	PACKET_2	parallel	18724	195.522675	4000	4	8	7
32	PACKET_2	serial	131072	1124.911377	4000	4	8	7
32	PACKET_2	parallel	8738	132.623337	4000	4	8	15
32	PACKET_2	serial	131072	1124.564697	4000	4	8	15
32	PACKET_2	parallel	131072	2359.634521	8000	4	1	1
32	PACKET_2	serial	131072	2229.387207	8000	4	1	1
32	PACKET_2	parallel	65536	1201.568115	8000	4	1	2
32	PACKET_2	serial	131072	2230.373535	8000	4	1	2
32	PACKET_2	parallel	43690	828.448975	8000	4	1	3
32	PACKET_2	serial	131072	2233.743896	8000	4	1	3
32	PACKET_2	parallel	18724	374.076660	8000	4	1	7
32	PACKET_2	serial	131072	2256.734863	8000	4	1	7
32	PACKET_2	parallel	8738	253.735657	8000	4	1	15
32	PACKET_2	serial	131072	2237.963379	8000	4	1	15
32	PACKET_2	parallel	131072	2383.597412	8000	4	4	1
32	PACKET_2	serial	131072	2243.019287	8000	4	4	1
32	PACKET_2	parallel	65536	1266.584717	8000	4	4	2
32	PACKET_2	serial	131072	2257.732910	8000	4	4	2
32	PACKET_2	parallel	43690	893.463989	8000	4	4	3
32	PACKET_2	serial	131072	2263.515625	8000	4	4	3
32	PACKET_2	parallel	18724	465.462341	8000	4	4	7
32	PACKET_2	serial	131072	2254.387451	8000	4	4	7
32	PACKET_2	parallel	8738	251.851318	8000	4	4	15
32	PACKET_2	serial	131072	2247.168457	8000	4	4	15
32	PACKET_2	parallel	131072	2317.757080	8000	4	8	1
32	PACKET_2	serial	131072	2244.877686	8000	4	8	1
32	PACKET_2	parallel	65536	1203.368286	8000	4	8	2
32	PACKET_2	serial	131072	2236.284668	8000	4	8	2
32	PACKET_2	parallel	43690	819.688965	8000	4	8	3
32	PACKET_2	serial	131072	2236.760010	8000	4	8	3
32	PACKET_2	parallel	18724	373.547668	8000	4	8	7
32	PACKET_2	serial	131072	2236.412354	8000	4	8	7
32	PACKET_2	parallel	8738	205.728668	8000	4	8	15
32	PACKET_2	serial	131072	2230.472900	8000	4	8	15
32	PACKET_2	parallel	131072	365.430664	1000	8	1	1
32	PACKET_2	serial	131072	289.079987	1000	8	1	1
32	PACKET_2	parallel	65536	188.722000	1000	8	1	2
32	PACKET_2	serial	131072	287.964996	1000	8	1	2
32	PACKET_2	parallel	43690	138.269669	1000	8	1	3
32	PACKET_2	serial	131072	287.258667	1000	8	1	3
32	PACKET_2	parallel	18724	101.244667	1000	8	1	7
32	PACKET_2	serial	131072	288.519684	1000	8	1	7
32	PACKET_2	parallel	8738	166.489990	1000	8	1	15
32	PACKET_2	serial	131072	288.684998	1000	8	1	15
32	PACKET_2	parallel	131072	367.772644	1000	8	4	1
32	PACKET_2	serial	131072	288.454315	1000	8	4	1
32	PACKET_2	parallel	65536	238.011002	1000	8	4	2
32	PACKET_2	serial	131072	290.415344	1000	8	4	2
32	PACKET_2	parallel	43690	186.539001	1000	8	4	3
32	PACKET_2	serial	131072	291.130005	1000	8	4	3
32	PACKET_2	parallel	18724	148.302994	1000	8	4	7
32	PACKET_2	serial	131072	289.321655	1000	8	4	7
32	PACKET_2	parallel	8738	194.646667	1000	8	4	15
32	PACKET_2	serial	131072	290.356659	1000	8	4	15
32	PACKET_2	parallel	131072	337.725677	1000	8	8	1
32	PACKET_2	serial	131072	289.293976	1000	8	8	1
32	PACKET_2	parallel	65536	193.990341	1000	8	8	2
32	PACKET_2	serial	131072	287.722321	1000	8	8	2
32	PACKET_2	parallel	43690	129.346329	1000	8	8	3
32	PACKET_2	serial	131072	288.967010	1000	8	8	3
32	PACKET_2	parallel	18724	96.964661	1000	8	8	7
32	PACKET_2	serial	131072	292.157349	1000	8	8	7
32	PACKET_2	parallel	8738	196.833679	1000	8	8	15
32	PACKET_2	serial	131072	289.768646	1000	8	8	15
32	PACKET_2	parallel	131072	660.825317	2000	8	1	1
32	PACKET_2	serial	131072	565.813965	2000	8	1	1
32	PACKET_2	parallel	65536	345.235321	2000	8	1	2
32	PACKET_2	serial	131072	567.202026	2000	8	1	2
32	PACKET_2	parallel	43690	241.665009	2000	8	1	3
32	PACKET_2	serial	131072	578.187012	2000	8	1	3
32	PACKET_2	parallel	18724	118.900330	2000	8	1	7
32	PACKET_2	serial	131072	573.046997	2000	8	1	7
32	PACKET_2	parallel	8738	154.563339	2000	8	1	15
32	PACKET_2	serial	131072	571.234314	2000	8	1	15
32	PACKET_2	parallel	131072	649.805298	2000	8	4	1
32	PACKET_2	serial	131072	572.556030	2000	8	4	1
32	PACKET_2	parallel	65536	368.838318	2000	8	4	2
32	PACKET_2	serial	131072	568.576355	2000	8	4	2
32	PACKET_2	parallel	43690	275.263672	2000	8	4	3
32	PACKET_2	serial	131072	567.824646	2000	8	4	3
32	PACKET_2	parallel	18724	167.341675	2000	8	4	7
32	PACKET_2	serial	131072	571.581665	2000	8	4	7
32	PACKET_2	parallel	8738	204.677994	2000	8	4	15
32	PACKET_2	serial	131072	566.796326	2000	8	4	15
32	PACKET_2	parallel	131072	628.501343	2000	8	8	1
32	PACKET_2	serial	131072	566.289978	2000	8	8	1
32	PACKET_2	parallel	65536	336.048340	2000	8	8	2
32	PACKET_2	serial	131072	567.006714	2000	8	8	2
32	PACKET_2	parallel	43690	233.098663	2000	8	8	3
32	PACKET_2	serial	131072	567.787720	2000	8	8	3
32	PACKET_2	parallel	18724	138.986664	2000	8	8	7
32	PACKET_2	serial	131072	568.596985	2000	8	8	7
32	PACKET_2	parallel	8738	136.900330	2000	8	8	15
32	PACKET_2	serial	131072	563.805359	2000	8	8	15
32	PACKET_2	parallel	131072	1206.415649	4000	8	1	1
32	PACKET_2	serial	131072	1128.206909	4000	8	1	1
32	PACKET_2	parallel	65536	637.737976	4000	8	1	2
32	PACKET_2	serial	131072	1121.050659	4000	8	1	2
32	PACKET_2	parallel	43690	426.351990	4000	8	1	3
32	PACKET_2	serial	131072	1121.678955	4000	8	1	3
32	PACKET_2	parallel	18724	200.544678	4000	8	1	7
32	PACKET_2	serial	131072	1119.365723	4000	8	1	7
32	PACKET_2	parallel	8738	120.159332	4000	8	1	15
32	PACKET_2	serial	131072	1124.486328	4000	8	1	15
32	PACKET_2	parallel	131072	1219.990967	4000	8	4	1
32	PACKET_2	serial	131072	1126.840088	4000	8	4	1
32	PACKET_2	parallel	65536	667.139709	4000	8	4	2
32	PACKET_2	serial	131072	1118.420288	4000	8	4	2
32	PACKET_2	parallel	43690	474.412659	4000	8	4	3
32	PACKET_2	serial	131072	1123.690063	4000	8	4	3
32	PACKET_2	parallel	18724	264.852661	4000	8	4	7
32	PACKET_2	serial	131072	1119.642944	4000	8	4	7
32	PACKET_2	parallel	8738	265.445007	4000	8	4	15
32	PACKET_2	serial	131072	1120.414307	4000	8	4	15
32	PACKET_2	parallel	131072	1188.209961	4000	8	8	1
32	PACKET_2	serial	131072	1126.303345	4000	8	8	1
32	PACKET_2	parallel	65536	623.823303	4000	8	8	2
32	PACKET_2	serial	131072	1124.802368	4000	8	8	2
32	PACKET_2	parallel	43690	437.583008	4000	8	8	3
32	PACKET_2	serial	131072	1133.161987	4000	8	8	3
32	PACKET_2	parallel	18724	198.911316	4000	8	8	7
32	PACKET_2	serial	131072	1129.410034	4000	8	8	7
32	PACKET_2	parallel	8738	112.453003	4000	8	8	15
32	PACKET_2	serial	131072	1133.527344	4000	8	8	15
32	PACKET_2	parallel	131072	2317.852295	8000	8	1	1
32	PACKET_2	serial	131072	2247.666504	8000	8	1	1
32	PACKET_2	parallel	65536	1188.664673	8000	8	1	2
32	PACKET_2	serial	131072	2247.943848	8000	8	1	2
32	PACKET_2	parallel	43690	831.427734	8000	8	1	3
32	PACKET_2	serial	131072	2260.916016	8000	8	1	3
32	PACKET_2	parallel	18724	376.807648	8000	8	1	7
32	PACKET_2	serial	131072	2241.966309	8000	8	1	7
32	PACKET_2	parallel	8738	184.068665	8000	8	1	15
32	PACKET_2	serial	131072	2236.225830	8000	8	1	15
32	PACKET_2	parallel	131072	2326.266846	8000	8	4	1
32	PACKET_2	serial	131072	2248.779297	8000	8	4	1
32	PACKET_2	parallel	65536	1235.092651	8000	8	4	2
32	PACKET_2	serial	131072	2255.621094	8000	8	4	2
32	PACKET_2	parallel	43690	870.580688	8000	8	4	3
32	PACKET_2	serial	131072	2272.519531	8000	8	4	3
32	PACKET_2	parallel	18724	409.328003	8000	8	4	7
32	PACKET_2	serial	131072	2250.990723	8000	8	4	7
32	PACKET_2	parallel	8738	316.421692	8000	8	4	15
32	PACKET_2	serial	131072	2261.037109	8000	8	4	15
32	PACKET_2	parallel	131072	2297.461914	8000	8	8	1
32	PACKET_2	serial	131072	2237.952393	8000	8	8	1
32	PACKET_2	parallel	65536	1185.447266	8000	8	8	2
32	PACKET_2	serial	131072	2234.491943	8000	8	8	2
32	PACKET_2	parallel	43690	817.777283	8000	8	8	3
32	PACKET_2	serial	131072	2238.093262	8000	8	8	3
32	PACKET_2	parallel	18724	374.317322	8000	8	8	7
32	PACKET_2	serial	131072	2230.372803	8000	8	8	7
32	PACKET_2	parallel	8738	230.904343	8000	8	8	15
32	PACKET_2	serial	131072	2233.243164	8000	8	8	15
32	PACKET_2	parallel	131072	357.976318	1000	16	1	1
32	PACKET_2	serial	131072	289.242340	1000	16	1	1
32	PACKET_2	parallel	65536	195.549347	1000	16	1	2
32	PACKET_2	serial	131072	289.685974	1000	16	1	2
32	PACKET_2	parallel	43690	142.949341	1000	16	1	3
32	PACKET_2	serial	131072	287.907654	1000	16	1	3
32	PACKET_2	parallel	18724	98.800339	1000	16	1	7
32	PACKET_2	serial	131072	296.536346	1000	16	1	7
32	PACKET_2	parallel	8738	174.718994	1000	16	1	15
32	PACKET_2	serial	131072	294.286316	1000	16	1	15
32	PACKET_2	parallel	131072	368.128326	1000	16	4	1
32	PACKET_2	serial	131072	288.469666	1000	16	4	1
32	PACKET_2	parallel	65536	257.481323	1000	16	4	2
32	PACKET_2	serial	131072	293.785004	1000	16	4	2
32	PACKET_2	parallel	43690	177.210327	1000	16	4	3
32	PACKET_2	serial	131072	290.651978	1000	16	4	3
32	PACKET_2	parallel	18724	156.210007	1000	16	4	7
32	PACKET_2	serial	131072	291.789673	1000	16	4	7
32	PACKET_2	parallel	8738	190.480988	1000	16	4	15
32	PACKET_2	serial	131072	296.331329	1000	16	4	15
32	PACKET_2	parallel	131072	347.845306	1000	16	8	1
32	PACKET_2	serial	131072	290.117340	1000	16	8	1
32	PACKET_2	parallel	65536	181.705994	1000	16	8	2
32	PACKET_2	serial	131072	289.496979	1000	16	8	2
32	PACKET_2	parallel	43690	135.504318	1000	16	8	3
32	PACKET_2	serial	131072	288.538666	1000	16	8	3
32	PACKET_2	parallel	18724	104.556335	1000	16	8	7
32	PACKET_2	serial	131072	293.225006	1000	16	8	7
32	PACKET_2	parallel	8738	229.608673	1000	16	8	15
32	PACKET_2	serial	131072	292.243652	1000	16	8	15
32	PACKET_2	parallel	131072	625.444641	2000	16	1	1
32	PACKET_2	serial	131072	567.337646	2000	16	1	1
32	PACKET_2	parallel	65536	348.522339	2000	16	1	2
32	PACKET_2	serial	131072	572.612976	2000	16	1	2
32	PACKET_2	parallel	43690	236.746002	2000	16	1	3
32	PACKET_2	serial	131072	572.033325	2000	16	1	3
32	PACKET_2	parallel	18724	115.623337	2000	16	1	7
32	PACKET_2	serial	131072	568.277954	2000	16	1	7
32	PACKET_2	parallel	8738	133.737671	2000	16	1	15
32	PACKET_2	serial	131072	566.388306	2000	16	1	15
32	PACKET_2	parallel	131072	658.261963	2000	16	4	1
32	PACKET_2	serial	131072	572.031677	2000	16	4	1
32	PACKET_2	parallel	65536	353.724670	2000	16	4	2
32	PACKET_2	serial	131072	572.499695	2000	16	4	2
32	PACKET_2	parallel	43690	278.092651	2000	16	4	3
32	PACKET_2	serial	131072	572.144348	2000	16	4	3
32	PACKET_2	parallel	18724	154.032333	2000	16	4	7
32	PACKET_2	serial	131072	574.609009	2000	16	4	7
32	PACKET_2	parallel	8738	184.571671	2000	16	4	15
32	PACKET_2	serial	131072	572.547668	2000	16	4	15
32	PACKET_2	parallel	131072	625.938660	2000	16	8	1
32	PACKET_2	serial	131072	567.562988	2000	16	8	1
32	PACKET_2	parallel	65536	331.141327	2000	16	8	2
32	PACKET_2	serial	131072	567.989685	2000	16	8	2
32	PACKET_2	parallel	43690	234.085663	2000	16	8	3
32	PACKET_2	serial	131072	573.195007	2000	16	8	3
32	PACKET_2	parallel	18724	110.173340	2000	16	8	7
32	PACKET_2	serial	131072	567.974304	2000	16	8	7
32	PACKET_2	parallel	8738	138.131668	2000	16	8	15
32	PACKET_2	serial	131072	569.232361	2000	16	8	15
32	PACKET_2	parallel	131072	1190.973633	4000	16	1	1
32	PACKET_2	serial	131072	1126.701050	4000	16	1	1
32	PACKET_2	parallel	65536	630.904358	4000	16	1	2
32	PACKET_2	serial	131072	1124.532349	4000	16	1	2
32	PACKET_2	parallel	43690	435.154663	4000	16	1	3
32	PACKET_2	serial	131072	1124.259644	4000	16	1	3
32	PACKET_2	parallel	18724	196.589340	4000	16	1	7
32	PACKET_2	serial	131072	1123.809692	4000	16	1	7
32	PACKET_2	parallel	8738	115.369667	4000	16	1	15
32	PACKET_2	serial	131072	1131.369263	4000	16	1	15
32	PACKET_2	parallel	131072	1203.202026	4000	16	4	1
32	PACKET_2	serial	131072	1129.255981	4000	16	4	1
32	PACKET_2	parallel	65536	661.702026	4000	16	4	2
32	PACKET_2	serial	131072	1128.212646	4000	16	4	2
32	PACKET_2	parallel	43690	467.402649	4000	16	4	3
32	PACKET_2	serial	131072	1132.785034	4000	16	4	3
32	PACKET_2	parallel	18724	247.254669	4000	16	4	7
32	PACKET_2	serial	131072	1122.900635	4000	16	4	7
32	PACKET_2	parallel	8738	201.977325	4000	16	4	15
32	PACKET_2	serial	131072	1137.741699	4000	16	4	15
32	PACKET_2	parallel	131072	1168.841675	4000	16	8	1
32	PACKET_2	serial	131072	1126.156372	4000	16	8	1
32	PACKET_2	parallel	65536	612.871643	4000	16	8	2
32	PACKET_2	serial	131072	1122.233398	4000	16	8	2
32	PACKET_2	parallel	43690	424.924683	4000	16	8	3
32	PACKET_2	serial	131072	1131.042603	4000	16	8	3
32	PACKET_2	parallel	18724	255.549011	4000	16	8	7
32	PACKET_2	serial	131072	1125.741333	4000	16	8	7
32	PACKET_2	parallel	8738	136.685333	4000	16	8	15
32	PACKET_2	serial	131072	1134.493286	4000	16	8	15
32	PACKET_2	parallel	131072	2315.339355	8000	16	1	1
32	PACKET_2	serial	131072	2263.956787	8000	16	1	1
32	PACKET_2	parallel	65536	1187.854004	8000	16	1	2
32	PACKET_2	serial	131072	2228.046387	8000	16	1	2
32	PACKET_2	parallel	43690	843.752319	8000	16	1	3
32	PACKET_2	serial	131072	2236.891602	8000	16	1	3
32	PACKET_2	parallel	18724	378.499664	8000	16	1	7
32	PACKET_2	serial	131072	2242.564209	8000	16	1	7
32	PACKET_2	parallel	8738	197.581009	8000	16	1	15
32	PACKET_2	serial	131072	2225.409912	8000	16	1	15
32	PACKET_2	parallel	131072	2349.782959	8000	16	4	1
32	PACKET_2	serial	131072	2232.737305	8000	16	4	1
32	PACKET_2	parallel	65536	1256.563965	8000	16	4	2
32	PACKET_2	serial	131072	2244.971680	8000	16	4	2
32	PACKET_2	parallel	43690	850.825012	8000	16	4	3
32	PACKET_2	serial	131072	2242.607178	8000	16	4	3
32	PACKET_2	parallel	18724	431.304626	8000	16	4	7
32	PACKET_2	serial	131072	2239.553955	8000	16	4	7
32	PACKET_2	parallel	8738	330.186340	8000	16	4	15
32	PACKET_2	serial	131072	2233.020996	8000	16	4	15
32	PACKET_2	parallel	131072	2301.366455	8000	16	8	1
32	PACKET_2	serial	131072	2234.748779	8000	16	8	1
32	PACKET_2	parallel	65536	1219.091064	8000	16	8	2
32	PACKET_2	serial	131072	2224.935303	8000	16	8	2
32	PACKET_2	parallel	43690	837.206970	8000	16	8	3
32	PACKET_2	serial	131072	2228.365723	8000	16	8	3
32	PACKET_2	parallel	18724	378.884644	8000	16	8	7
32	PACKET_2	serial	131072	2232.127686	8000	16	8	7
32	PACKET_2	parallel	8738	245.189667	8000	16	8	15
32	PACKET_2	serial	131072	2244.803955	8000	16	8	15
32	PACKET_3	parallel	131072	340.978668	1000	1	1	1
32	PACKET_3	serial	131072	291.209656	1000	1	1	1
32	PACKET_3	parallel	65536	217.381332	1000	1	1	2
32	PACKET_3	serial	131072	292.766998	1000	1	1	2
32	PACKET_3	parallel	43690	159.063995	1000	1	1	3
32	PACKET_3	serial	131072	290.708008	1000	1	1	3
32	PACKET_3	parallel	18724	126.735992	1000	1	1	7
32	PACKET_3	serial	131072	297.728668	1000	1	1	7
32	PACKET_3	parallel	8738	205.296341	1000	1	1	15
32	PACKET_3	serial	131072	293.957001	1000	1	1	15
32	PACKET_3	parallel	131072	385.749023	1000	1	4	1
32	PACKET_3	serial	131072	292.842987	1000	1	4	1
32	PACKET_3	parallel	65536	236.805664	1000	1	4	2
32	PACKET_3	serial	131072	289.865021	1000	1	4	2
32	PACKET_3	parallel	43690	187.364990	1000	1	4	3
32	PACKET_3	serial	131072	293.495972	1000	1	4	3
32	PACKET_3	parallel	18724	150.514328	1000	1	4	7
32	PACKET_3	serial	131072	295.094330	1000	1	4	7
32	PACKET_3	parallel	8738	266.082336	1000	1	4	15
32	PACKET_3	serial	131072	298.139648	1000	1	4	15
32	PACKET_3	parallel	131072	341.028015	1000	1	8	1
32	PACKET_3	serial	131072	294.795319	1000	1	8	1
32	PACKET_3	parallel	65536	204.028015	1000	1	8	2
32	PACKET_3	serial	131072	289.667664	1000	1	8	2
32	PACKET_3	parallel	43690	156.029343	1000	1	8	3
32	PACKET_3	serial	131072	288.447327	1000	1	8	3
32	PACKET_3	parallel	18724	133.936676	1000	1	8	7
32	PACKET_3	serial	131072	292.912018	1000	1	8	7
32	PACKET_3	parallel	8738	217.696991	1000	1	8	15
32	PACKET_3	serial	131072	298.964325	1000	1	8	15
32	PACKET_3	parallel	131072	640.502991	2000	1	1	1
32	PACKET_3	serial	131072	579.552002	2000	1	1	1
32	PACKET_3	parallel	65536	395.964020	2000	1	1	2
32	PACKET_3	serial	131072	578.023010	2000	1	1	2
32	PACKET_3	parallel	43690	281.183014	2000	1	1	3
32	PACKET_3	serial	131072	575.979004	2000	1	1	3
32	PACKET_3	parallel	18724	192.914673	2000	1	1	7
32	PACKET_3	serial	131072	571.102661	2000	1	1	7
32	PACKET_3	parallel	8738	121.376663	2000	1	1	15
32	PACKET_3	serial	131072	571.928650	2000	1	1	15
32	PACKET_3	parallel	131072	663.070007	2000	1	4	1
32	PACKET_3	serial	131072	573.386658	2000	1	4	1
32	PACKET_3	parallel	65536	365.184998	2000	1	4	2
32	PACKET_3	serial	131072	573.108643	2000	1	4	2
32	PACKET_3	parallel	43690	280.444336	2000	1	4	3
32	PACKET_3	serial	131072	573.334961	2000	1	4	3
32	PACKET_3	parallel	18724	175.095001	2000	1	4	7
32	PACKET_3	serial	131072	567.980713	2000	1	4	7
32	PACKET_3	parallel	8738	186.798325	2000	1	4	15
32	PACKET_3	serial	131072	566.847656	2000	1	4	15
32	PACKET_3	parallel	131072	627.299988	2000	1	8	1
32	PACKET_3	serial	131072	566.654663	2000	1	8	1
32	PACKET_3	parallel	65536	376.014343	2000	1	8	2
32	PACKET_3	serial	131072	571.974976	2000	1	8	2
32	PACKET_3	parallel	43690	276.871002	2000	1	8	3
32	PACKET_3	serial	131072	568.548706	2000	1	8	3
32	PACKET_3	parallel	18724	193.112320	2000	1	8	7
32	PACKET_3	serial	131072	571.584961	2000	1	8	7
32	PACKET_3	parallel	8738	139.699341	2000	1	8	15
32	PACKET_3	serial	131072	570.763367	2000	1	8	15
32	PACKET_3	parallel	131072	1186.858276	4000	1	1	1
32	PACKET_3	serial	131072	1139.763672	4000	1	1	1
32	PACKET_3	parallel	65536	687.278015	4000	1	1	2
32	PACKET_3	serial	131072	1123.289673	4000	1	1	2
32	PACKET_3	parallel	43690	525.029663	4000	1	1	3
32	PACKET_3	serial	131072	1134.455322	4000	1	1	3
32	PACKET_3	parallel	18724	357.665009	4000	1	1	7
32	PACKET_3	serial	131072	1126.915039	4000	1	1	7
32	PACKET_3	parallel	8738	178.231323	4000	1	1	15
32	PACKET_3	serial	131072	1129.455688	4000	1	1	15
32	PACKET_3	parallel	131072	1231.516602	4000	1	4	1
32	PACKET_3	serial	131072	1137.010986	4000	1	4	1
32	PACKET_3	parallel	65536	661.502991	4000	1	4	2
32	PACKET_3	serial	131072	1122.819702	4000	1	4	2
32	PACKET_3	parallel	43690	474.864990	4000	1	4	3
32	PACKET_3	serial	131072	1127.488647	4000	1	4	3
32	PACKET_3	parallel	18724	243.895996	4000	1	4	7
32	PACKET_3	serial	131072	1122.810669	4000	1	4	7
32	PACKET_3	parallel	8738	156.903671	4000	1	4	15
32	PACKET_3	serial	131072	1121.506958	4000	1	4	15
32	PACKET_3	parallel	131072	1175.367676	4000	1	8	1
32	PACKET_3	serial	131072	1126.602661	4000	1	8	1
32	PACKET_3	parallel	65536	719.072021	4000	1	8	2
32	PACKET_3	serial	131072	1123.487671	4000	1	8	2
32	PACKET_3	parallel	43690	510.707306	4000	1	8	3
32	PACKET_3	serial	131072	1121.029053	4000	1	8	3
32	PACKET_3	parallel	18724	353.952332	4000	1	8	7
32	PACKET_3	serial	131072	1132.037354	4000	1	8	7
32	PACKET_3	parallel	8738	178.250336	4000	1	8	15
32	PACKET_3	serial	131072	1119.737305	4000	1	8	15
32	PACKET_3	parallel	131072	2305.433105	8000	1	1	1
32	PACKET_3	serial	131072	2254.691895	8000	1	1	1
32	PACKET_3	parallel	65536	1369.694702	8000	1	1	2
32	PACKET_3	serial	131072	2238.972656	8000	1	1	2
32	PACKET_3	parallel	43690	966.664307	8000	1	1	3
32	PACKET_3	serial	131072	2236.197266	8000	1	1	3
32	PACKET_3	parallel	18724	688.681702	8000	1	1	7
32	PACKET_3	serial	131072	2259.989990	8000	1	1	7
32	PACKET_3	parallel	8738	329.308990	8000	1	1	15
32	PACKET_3	serial	131072	2228.446777	8000	1	1	15
32	PACKET_3	parallel	131072	2339.613281	8000	1	4	1
32	PACKET_3	serial	131072	2253.239258	8000	1	4	1
32	PACKET_3	parallel	65536	1240.776978	8000	1	4	2
32	PACKET_3	serial	131072	2238.110352	8000	1	4	2
32	PACKET_3	parallel	43690	845.473022	8000	1	4	3
32	PACKET_3	serial	131072	2248.691162	8000	1	4	3
32	PACKET_3	parallel	18724	405.103333	8000	1	4	7
32	PACKET_3	serial	131072	2228.698975	8000	1	4	7
32	PACKET_3	parallel	8738	258.509674	8000	1	4	15
32	PACKET_3	serial	131072	2225.785645	8000	1	4	15
32	PACKET_3	parallel	131072	2312.230713	8000	1	8	1
32	PACKET_3	serial	131072	2227.993408	8000	1	8	1
32	PACKET_3	parallel	65536	1351.974976	8000	1	8	2
32	PACKET_3	serial	131072	2232.434326	8000	1	8	2
32	PACKET_3	parallel	43690	952.262329	8000	1	8	3
32	PACKET_3	serial	131072	2227.738770	8000	1	8	3
32	PACKET_3	parallel	18724	696.771729	8000	1	8	7
32	PACKET_3	serial	131072	2222.939941	8000	1	8	7
32	PACKET_3	parallel	8738	333.479675	8000	1	8	15
32	PACKET_3	serial	131072	2225.311035	8000	1	8	15
32	PACKET_3	parallel	131072	346.312012	1000	2	1	1
32	PACKET_3	serial	131072	288.063660	1000	2	1	1
32	PACKET_3	parallel	65536	216.536346	1000	2	1	2
32	PACKET_3	serial	131072	289.447662	1000	2	1	2
32	PACKET_3	parallel	43690	160.432327	1000	2	1	3
32	PACKET_3	serial	131072	289.243011	1000	2	1	3
32	PACKET_3	parallel	18724	125.427338	1000	2	1	7
32	PACKET_3	serial	131072	288.264008	1000	2	1	7
32	PACKET_3	parallel	8738	151.352997	1000	2	1	15
32	PACKET_3	serial	131072	286.899994	1000	2	1	15
32	PACKET_3	parallel	131072	386.052338	1000	2	4	1
32	PACKET_3	serial	131072	289.440338	1000	2	4	1
32	PACKET_3	parallel	65536	298.382324	1000	2	4	2
32	PACKET_3	serial	131072	288.839996	1000	2	4	2
32	PACKET_3	parallel	43690	261.046326	1000	2	4	3
32	PACKET_3	serial	131072	290.046021	1000	2	4	3
32	PACKET_3	parallel	18724	204.646332	1000	2	4	7
32	PACKET_3	serial	131072	289.014648	1000	2	4	7
32	PACKET_3	parallel	8738	264.811340	1000	2	4	15
32	PACKET_3	serial	131072	290.708313	1000	2	4	15
32	PACKET_3	parallel	131072	344.802002	1000	2	8	1
32	PACKET_3	serial	131072	289.213013	1000	2	8	1
32	PACKET_3	parallel	65536	201.963333	1000	2	8	2
32	PACKET_3	serial	131072	289.419342	1000	2	8	2
32	PACKET_3	parallel	43690	158.347336	1000	2	8	3
32	PACKET_3	serial	131072	287.529663	1000	2	8	3
32	PACKET_3	parallel	18724	118.480667	1000	2	8	7
32	PACKET_3	serial	131072	289.944000	1000	2	8	7
32	PACKET_3	parallel	8738	190.299011	1000	2	8	15
32	PACKET_3	serial	131072	289.358673	1000	2	8	15
32	PACKET_3	parallel	131072	645.669678	2000	2	1	1
32	PACKET_3	serial	131072	563.470642	2000	2	1	1
32	PACKET_3	parallel	65536	373.809326	2000	2	1	2
32	PACKET_3	serial	131072	564.743713	2000	2	1	2
32	PACKET_3	parallel	43690	268.438995	2000	2	1	3
32	PACKET_3	serial	131072	566.492676	2000	2	1	3
32	PACKET_3	parallel	18724	188.710678	2000	2	1	7
32	PACKET_3	serial	131072	570.018677	2000	2	1	7
32	PACKET_3	parallel	8738	136.221008	2000	2	1	15
32	PACKET_3	serial	131072	561.625610	2000	2	1	15
32	PACKET_3	parallel	131072	679.484009	2000	2	4	1
32	PACKET_3	serial	131072	566.633972	2000	2	4	1
32	PACKET_3	parallel	65536	424.243988	2000	2	4	2
32	PACKET_3	serial	131072	565.517639	2000	2	4	2
32	PACKET_3	parallel	43690	297.091980	2000	2	4	3
32	PACKET_3	serial	131072	572.052002	2000	2	4	3
32	PACKET_3	parallel	18724	184.915665	2000	2	4	7
32	PACKET_3	serial	131072	569.374329	2000	2	4	7
32	PACKET_3	parallel	8738	193.145996	2000	2	4	15
32	PACKET_3	serial	131072	565.097351	2000	2	4	15
32	PACKET_3	parallel	131072	626.555359	2000	2	8	1
32	PACKET_3	serial	131072	565.072327	2000	2	8	1
32	PACKET_3	parallel	65536	372.089325	2000	2	8	2
32	PACKET_3	serial	131072	563.962341	2000	2	8	2
32	PACKET_3	parallel	43690	275.182678	2000	2	8	3
32	PACKET_3	serial	131072	568.419006	2000	2	8	3
32	PACKET_3	parallel	18724	186.314331	2000	2	8	7
32	PACKET_3	serial	131072	564.521973	2000	2	8	7
32	PACKET_3	parallel	8738	136.819000	2000	2	8	15
32	PACKET_3	serial	131072	566.001343	2000	2	8	15
32	PACKET_3	parallel	131072	1218.394409	4000	2	1	1
32	PACKET_3	serial	131072	1123.278320	4000	2	1	1
32	PACKET_3	parallel	65536	709.987305	4000	2	1	2
32	PACKET_3	serial	131072	1119.211670	4000	2	1	2
32	PACKET_3	parallel	43690	531.419006	4000	2	1	3
32	PACKET_3	serial	131072	1121.562012	4000	2	1	3
32	PACKET_3	parallel	18724	354.934998	4000	2	1	7
32	PACKET_3	serial	131072	1124.786011	4000	2	1	7
32	PACKET_3	parallel	8738	174.750671	4000	2	1	15
32	PACKET_3	serial	131072	1121.716064	4000	2	1	15
32	PACKET_3	parallel	131072	1234.823242	4000	2	4	1
32	PACKET_3	serial	131072	1119.530640	4000	2	4	1
32	PACKET_3	parallel	65536	669.788025	4000	2	4	2
32	PACKET_3	serial	131072	1119.243286	4000	2	4	2
32	PACKET_3	parallel	43690	498.412964	4000	2	4	3
32	PACKET_3	serial	131072	1120.503662	4000	2	4	3
32	PACKET_3	parallel	18724	272.136658	4000	2	4	7
32	PACKET_3	serial	131072	1120.148682	4000	2	4	7
32	PACKET_3	parallel	8738	189.634995	4000	2	4	15
32	PACKET_3	serial	131072	1120.717041	4000	2	4	15
32	PACKET_3	parallel	131072	1204.599609	4000	2	8	1
32	PACKET_3	serial	131072	1119.653320	4000	2	8	1
32	PACKET_3	parallel	65536	732.882324	4000	2	8	2
32	PACKET_3	serial	131072	1171.276367	4000	2	8	2
32	PACKET_3	parallel	43690	524.548340	4000	2	8	3
32	PACKET_3	serial	131072	1150.978638	4000	2	8	3
32	PACKET_3	parallel	18724	362.575989	4000	2	8	7
32	PACKET_3	serial	131072	1130.558716	4000	2	8	7
32	PACKET_3	parallel	8738	175.524658	4000	2	8	15
32	PACKET_3	serial	131072	1126.240723	4000	2	8	15
32	PACKET_3	parallel	131072	2320.636230	8000	2	1	1
32	PACKET_3	serial	131072	2230.343750	8000	2	1	1
32	PACKET_3	parallel	65536	1348.780640	8000	2	1	2
32	PACKET_3	serial	131072	2231.270020	8000	2	1	2
32	PACKET_3	parallel	43690	983.563599	8000	2	1	3
32	PACKET_3	serial	131072	2239.160400	8000	2	1	3
32	PACKET_3	parallel	18724	694.866699	8000	2	1	7
32	PACKET_3	serial	131072	2225.645752	8000	2	1	7
32	PACKET_3	parallel	8738	327.028656	8000	2	1	15
32	PACKET_3	serial	131072	2223.347412	8000	2	1	15
32	PACKET_3	parallel	131072	2365.265137	8000	2	4	1
32	PACKET_3	serial	131072	2231.361572	8000	2	4	1
32	PACKET_3	parallel	65536	1268.097656	8000	2	4	2
32	PACKET_3	serial	131072	2228.516113	8000	2	4	2
32	PACKET_3	parallel	43690	857.302979	8000	2	4	3
32	PACKET_3	serial	131072	2227.881592	8000	2	4	3
32	PACKET_3	parallel	18724	420.198975	8000	2	4	7
32	PACKET_3	serial	131072	2228.810059	8000	2	4	7
32	PACKET_3	parallel	8738	282.529999	8000	2	4	15
32	PACKET_3	serial	131072	2241.216797	8000	2	4	15
32	PACKET_3	parallel	131072	2311.162842	8000	2	8	1
32	PACKET_3	serial	131072	2249.122803	8000	2	8	1
32	PACKET_3	parallel	65536	1360.447388	8000	2	8	2
32	PACKET_3	serial	131072	2231.728027	8000	2	8	2
32	PACKET_3	parallel	43690	1001.740967	8000	2	8	3
32	PACKET_3	serial	131072	2231.429443	8000	2	8	3
32	PACKET_3	parallel	18724	700.502319	8000	2	8	7
32	PACKET_3	serial	131072	2227.770996	8000	2	8	7
32	PACKET_3	parallel	8738	328.321320	8000	2	8	15
32	PACKET_3	serial	131072	2226.263916	8000	2	8	15
32	PACKET_3	parallel	131072	371.360687	1000	4	1	1
32	PACKET_3	serial	131072	290.734009	1000	4	1	1
32	PACKET_3	parallel	65536	214.259338	1000	4	1	2
32	PACKET_3	serial	131072	289.397339	1000	4	1	2
32	PACKET_3	parallel	43690	158.774673	1000	4	1	3
32	PACKET_3	serial	131072	289.389343	1000	4	1	3
32	PACKET_3	parallel	18724	119.167664	1000	4	1	7
32	PACKET_3	serial	131072	288.194336	1000	4	1	7
32	PACKET_3	parallel	8738	213.582336	1000	4	1	15
32	PACKET_3	serial	131072	290.193359	1000	4	1	15
32	PACKET_3	parallel	131072	379.557007	1000	4	4	1
32	PACKET_3	serial	131072	288.956329	1000	4	4	1
32	PACKET_3	parallel	65536	231.860336	1000	4	4	2
32	PACKET_3	serial	131072	295.954010	1000	4	4	2
32	PACKET_3	parallel	43690	182.082993	1000	4	4	3
32	PACKET_3	serial	131072	291.263336	1000	4	4	3
32	PACKET_3	parallel	18724	161.244324	1000	4	4	7
32	PACKET_3	serial	131072	290.656982	1000	4	4	7
32	PACKET_3	parallel	8738	256.061646	1000	4	4	15
32	PACKET_3	serial	131072	290.885681	1000	4	4	15
32	PACKET_3	parallel	131072	350.636322	1000	4	8	1
32	PACKET_3	serial	131072	290.934998	1000	4	8	1
32	PACKET_3	parallel	65536	208.162659	1000	4	8	2
32	PACKET_3	serial	131072	291.652344	1000	4	8	2
32	PACKET_3	parallel	43690	158.512665	1000	4	8	3
32	PACKET_3	serial	131072	292.302002	1000	4	8	3
32	PACKET_3	parallel	18724	121.228340	1000	4	8	7
32	PACKET_3	serial	131072	290.388000	1000	4	8	7
32	PACKET_3	parallel	8738	220.682648	1000	4	8	15
32	PACKET_3	serial	131072	290.346344	1000	4	8	15
32	PACKET_3	parallel	131072	659.445679	2000	4	1	1
32	PACKET_3	serial	131072	563.374023	2000	4	1	1
32	PACKET_3	parallel	65536	385.506348	2000	4	1	2
32	PACKET_3	serial	131072	566.820007	2000	4	1	2
32	PACKET_3	parallel	43690	284.320007	2000	4	1	3
32	PACKET_3	serial	131072	565.736694	2000	4	1	3
32	PACKET_3	parallel	18724	189.160675	2000	4	1	7
32	PACKET_3	serial	131072	565.086365	2000	4	1	7
32	PACKET_3	parallel	8738	130.190002	2000	4	1	15
32	PACKET_3	serial	131072	564.786316	2000	4	1	15
32	PACKET_3	parallel	131072	662.176331	2000	4	4	1
32	PACKET_3	serial	131072	564.364319	2000	4	4	1
32	PACKET_3	parallel	65536	374.752655	2000	4	4	2
32	PACKET_3	serial	131072	565.956665	2000	4	4	2
32	PACKET_3	parallel	43690	273.394653	2000	4	4	3
32	PACKET_3	serial	131072	566.169006	2000	4	4	3
32	PACKET_3	parallel	18724	151.428345	2000	4	4	7
32	PACKET_3	serial	131072	573.898376	2000	4	4	7
32	PACKET_3	parallel	8738	166.493332	2000	4	4	15
32	PACKET_3	serial	131072	570.126038	2000	4	4	15
32	PACKET_3	parallel	131072	628.281006	2000	4	8	1
32	PACKET_3	serial	131072	565.637329	2000	4	8	1
32	PACKET_3	parallel	65536	367.524658	2000	4	8	2
32	PACKET_3	serial	131072	573.728027	2000	4	8	2
32	PACKET_3	parallel	43690	281.158661	2000	4	8	3
32	PACKET_3	serial	131072	567.530640	2000	4	8	3
32	PACKET_3	parallel	18724	193.504333	2000	4	8	7
32	PACKET_3	serial	131072	565.901001	2000	4	8	7
32	PACKET_3	parallel	8738	147.863663	2000	4	8	15
32	PACKET_3	serial	131072	563.080994	2000	4	8	15
32	PACKET_3	parallel	131072	1215.300293	4000	4	1	1
32	PACKET_3	serial	131072	1124.915649	4000	4	1	1
32	PACKET_3	parallel	65536	705.776001	4000	4	1	2
32	PACKET_3	serial	131072	1121.315308	4000	4	1	2
32	PACKET_3	parallel	43690	515.424011	4000	4	1	3
32	PACKET_3	serial	131072	1122.063721	4000	4	1	3
32	PACKET_3	parallel	18724	368.213013	4000	4	1	7
32	PACKET_3	serial	131072	1131.576660	4000	4	1	7
32	PACKET_3	parallel	8738	172.257660	4000	4	1	15
32	PACKET_3	serial	131072	1123.242920	4000	4	1	15
32	PACKET_3	parallel	131072	1229.630371	4000	4	4	1
32	PACKET_3	serial	131072	1123.576660	4000	4	4	1
32	PACKET_3	parallel	65536	653.953003	4000	4	4	2
32	PACKET_3	serial	131072	1118.956055	4000	4	4	2
32	PACKET_3	parallel	43690	488.252319	4000	4	4	3
32	PACKET_3	serial	131072	1120.627319	4000	4	4	3
32	PACKET_3	parallel	18724	252.240662	4000	4	4	7
32	PACKET_3	serial	131072	1137.774536	4000	4	4	7
32	PACKET_3	parallel	8738	213.621994	4000	4	4	15
32	PACKET_3	serial	131072	1128.539307	4000	4	4	15
32	PACKET_3	parallel	131072	1189.687744	4000	4	8	1
32	PACKET_3	serial	131072	1124.974243	4000	4	8	1
32	PACKET_3	parallel	65536	694.095337	4000	4	8	2
32	PACKET_3	serial	131072	1122.716309	4000	4	8	2
32	PACKET_3	parallel	43690	524.192993	4000	4	8	3
32	PACKET_3	serial	131072	1123.001587	4000	4	8	3
32	PACKET_3	parallel	18724	363.056000	4000	4	8	7
32	PACKET_3	serial	131072	1126.735596	4000	4	8	7
32	PACKET_3	parallel	8738	174.104004	4000	4	8	15
32	PACKET_3	serial	131072	1132.210938	4000	4	8	15
32	PACKET_3	parallel	131072	2331.954590	8000	4	1	1
32	PACKET_3	serial	131072	2234.945557	8000	4	1	1
32	PACKET_3	parallel	65536	1339.045044	8000	4	1	2
32	PACKET_3	serial	131072	2243.677002	8000	4	1	2
32	PACKET_3	parallel	43690	988.595032	8000	4	1	3
32	PACKET_3	serial	131072	2234.160156	8000	4	1	3
32	PACKET_3	parallel	18724	694.836365	8000	4	1	7
32	PACKET_3	serial	131072	2234.231445	8000	4	1	7
32	PACKET_3	parallel	8738	321.390991	8000	4	1	15
32	PACKET_3	serial	131072	2241.293701	8000	4	1	15
32	PACKET_3	parallel	131072	2344.207764	8000	4	4	1
32	PACKET_3	serial	131072	2233.786621	8000	4	4	1
32	PACKET_3	parallel	65536	1213.177002	8000	4	4	2
32	PACKET_3	serial	131072	2243.262451	8000	4	4	2
32	PACKET_3	parallel	43690	851.396606	8000	4	4	3
32	PACKET_3	serial	131072	2240.148682	8000	4	4	3
32	PACKET_3	parallel	18724	425.018005	8000	4	4	7
32	PACKET_3	serial	131072	2228.854980	8000	4	4	7
32	PACKET_3	parallel	8738	253.843338	8000	4	4	15
32	PACKET_3	serial	131072	2243.537109	8000	4	4	15
32	PACKET_3	parallel	131072	2318.219727	8000	4	8	1
32	PACKET_3	serial	131072	2244.194336	8000	4	8	1
32	PACKET_3	parallel	65536	1363.791382	8000	4	8	2
32	PACKET_3	serial	131072	2233.775635	8000	4	8	2
32	PACKET_3	parallel	43690	995.070679	8000	4	8	3
32	PACKET_3	serial	131072	2250.768311	8000	4	8	3
32	PACKET_3	parallel	18724	703.044312	8000	4	8	7
32	PACKET_3	serial	131072	2233.028076	8000	4	8	7
32	PACKET_3	parallel	8738	333.848999	8000	4	8	15
32	PACKET_3	serial	131072	2236.335938	8000	4	8	15
32	PACKET_3	parallel	131072	375.318329	1000	8	1	1
32	PACKET_3	serial	131072	292.207336	1000	8	1	1
32	PACKET_3	parallel	65536	214.589661	1000	8	1	2
32	PACKET_3	serial	131072	291.652985	1000	8	1	2
32	PACKET_3	parallel	43690	162.128662	1000	8	1	3
32	PACKET_3	serial	131072	292.618988	1000	8	1	3
32	PACKET_3	parallel	18724	128.275330	1000	8	1	7
32	PACKET_3	serial	131072	291.452667	1000	8	1	7
32	PACKET_3	parallel	8738	200.587341	1000	8	1	15
32	PACKET_3	serial	131072	292.293671	1000	8	1	15
32	PACKET_3	parallel	131072	367.411987	1000	8	4	1
32	PACKET_3	serial	131072	288.609344	1000	8	4	1
32	PACKET_3	parallel	65536	243.261353	1000	8	4	2
32	PACKET_3	serial	131072	289.032654	1000	8	4	2
32	PACKET_3	parallel	43690	176.653671	1000	8	4	3
32	PACKET_3	serial	131072	290.444000	1000	8	4	3
32	PACKET_3	parallel	18724	155.563995	1000	8	4	7
32	PACKET_3	serial	131072	291.263672	1000	8	4	7
32	PACKET_3	parallel	8738	228.925354	1000	8	4	15
32	PACKET_3	serial	131072	292.043671	1000	8	4	15
32	PACKET_3	parallel	131072	330.821014	1000	8	8	1
32	PACKET_3	serial	131072	287.610657	1000	8	8	1
32	PACKET_3	parallel	65536	201.381989	1000	8	8	2
32	PACKET_3	serial	131072	286.365662	1000	8	8	2
32	PACKET_3	parallel	43690	152.887665	1000	8	8	3
32	PACKET_3	serial	131072	288.683014	1000	8	8	3
32	PACKET_3	parallel	18724	117.643333	1000	8	8	7
32	PACKET_3	serial	131072	288.674011	1000	8	8	7
32	PACKET_3	parallel	8738	175.130661	1000	8	8	15
32	PACKET_3	serial	131072	289.391663	1000	8	8	15
32	PACKET_3	parallel	131072	647.686646	2000	8	1	1
32	PACKET_3	serial	131072	563.945374	2000	8	1	1
32	PACKET_3	parallel	65536	366.818329	2000	8	1	2
32	PACKET_3	serial	131072	565.153687	2000	8	1	2
32	PACKET_3	parallel	43690	275.012695	2000	8	1	3
32	PACKET_3	serial	131072	569.636353	2000	8	1	3
32	PACKET_3	parallel	18724	187.323013	2000	8	1	7
32	PACKET_3	serial	131072	567.639343	2000	8	1	7
32	PACKET_3	parallel	8738	144.299332	2000	8	1	15
32	PACKET_3	serial	131072	565.623962	2000	8	1	15
32	PACKET_3	parallel	131072	653.312683	2000	8	4	1
32	PACKET_3	serial	131072	564.326355	2000	8	4	1
32	PACKET_3	parallel	65536	366.017334	2000	8	4	2
32	PACKET_3	serial	131072	568.141296	2000	8	4	2
32	PACKET_3	parallel	43690	269.978668	2000	8	4	3
32	PACKET_3	serial	131072	571.002319	2000	8	4	3
32	PACKET_3	parallel	18724	172.850983	2000	8	4	7
32	PACKET_3	serial	131072	565.744019	2000	8	4	7
32	PACKET_3	parallel	8738	229.506989	2000	8	4	15
32	PACKET_3	serial	131072	572.932312	2000	8	4	15
32	PACKET_3	parallel	131072	616.711365	2000	8	8	1
32	PACKET_3	serial	131072	565.396667	2000	8	8	1
32	PACKET_3	parallel	65536	358.049988	2000	8	8	2
32	PACKET_3	serial	131072	572.458313	2000	8	8	2
32	PACKET_3	parallel	43690	275.635010	2000	8	8	3
32	PACKET_3	serial	131072	566.192322	2000	8	8	3
32	PACKET_3	parallel	18724	189.123993	2000	8	8	7
32	PACKET_3	serial	131072	567.450684	2000	8	8	7
32	PACKET_3	parallel	8738	146.077667	2000	8	8	15
32	PACKET_3	serial	131072	567.598999	2000	8	8	15
32	PACKET_3	parallel	131072	1195.667358	4000	8	1	1
32	PACKET_3	serial	131072	1132.265991	4000	8	1	1
32	PACKET_3	parallel	65536	704.125977	4000	8	1	2
32	PACKET_3	serial	131072	1124.012939	4000	8	1	2
32	PACKET_3	parallel	43690	515.876648	4000	8	1	3
32	PACKET_3	serial	131072	1121.836670	4000	8	1	3
32	PACKET_3	parallel	18724	355.225647	4000	8	1	7
32	PACKET_3	serial	131072	1129.184326	4000	8	1	7
32	PACKET_3	parallel	8738	175.779007	4000	8	1	15
32	PACKET_3	serial	131072	1124.880737	4000	8	1	15
32	PACKET_3	parallel	131072	1218.942627	4000	8	4	1
32	PACKET_3	serial	131072	1125.236694	4000	8	4	1
32	PACKET_3	parallel	65536	663.447021	4000	8	4	2
32	PACKET_3	serial	131072	1120.567383	4000	8	4	2
32	PACKET_3	parallel	43690	456.665344	4000	8	4	3
32	PACKET_3	serial	131072	1127.994629	4000	8	4	3
32	PACKET_3	parallel	18724	246.995667	4000	8	4	7
32	PACKET_3	serial	131072	1120.621094	4000	8	4	7
32	PACKET_3	parallel	8738	214.175659	4000	8	4	15
32	PACKET_3	serial	131072	1124.377930	4000	8	4	15
32	PACKET_3	parallel	131072	1205.006958	4000	8	8	1
32	PACKET_3	serial	131072	1126.042358	4000	8	8	1
32	PACKET_3	parallel	65536	688.855652	4000	8	8	2
32	PACKET_3	serial	131072	1119.742432	4000	8	8	2
32	PACKET_3	parallel	43690	511.389313	4000	8	8	3
32	PACKET_3	serial	131072	1124.089355	4000	8	8	3
32	PACKET_3	parallel	18724	359.150330	4000	8	8	7
32	PACKET_3	serial	131072	1121.589966	4000	8	8	7
32	PACKET_3	parallel	8738	182.339661	4000	8	8	15
32	PACKET_3	serial	131072	1125.524658	4000	8	8	15
32	PACKET_3	parallel	131072	2331.300781	8000	8	1	1
32	PACKET_3	serial	131072	2233.976074	8000	8	1	1
32	PACKET_3	parallel	65536	1370.840088	8000	8	1	2
32	PACKET_3	serial	131072	2234.905518	8000	8	1	2
32	PACKET_3	parallel	43690	982.144653	8000	8	1	3
32	PACKET_3	serial	131072	2247.573486	8000	8	1	3
32	PACKET_3	parallel	18724	690.008301	8000	8	1	7
32	PACKET_3	serial	131072	2236.118408	8000	8	1	7
32	PACKET_3	parallel	8738	330.082001	8000	8	1	15
32	PACKET_3	serial	131072	2223.890137	8000	8	1	15
32	PACKET_3	parallel	131072	2312.065674	8000	8	4	1
32	PACKET_3	serial	131072	2261.610107	8000	8	4	1
32	PACKET_3	parallel	65536	1233.216675	8000	8	4	2
32	PACKET_3	serial	131072	2249.944336	8000	8	4	2
32	PACKET_3	parallel	43690	848.191711	8000	8	4	3
32	PACKET_3	serial	131072	2250.336426	8000	8	4	3
32	PACKET_3	parallel	18724	415.622314	8000	8	4	7
32	PACKET_3	serial	131072	2232.660645	8000	8	4	7
32	PACKET_3	parallel	8738	350.703674	8000	8	4	15
32	PACKET_3	serial	131072	2243.485107	8000	8	4	15
32	PACKET_3	parallel	131072	2321.684814	8000	8	8	1
32	PACKET_3	serial	131072	2257.995361	8000	8	8	1
32	PACKET_3	parallel	65536	1410.852905	8000	8	8	2
32	PACKET_3	serial	131072	2245.956055	8000	8	8	2
32	PACKET_3	parallel	43690	1030.042236	8000	8	8	3
32	PACKET_3	serial	131072	2238.521729	8000	8	8	3
32	PACKET_3	parallel	18724	707.897339	8000	8	8	7
32	PACKET_3	serial	131072	2270.331299	8000	8	8	7
32	PACKET_3	parallel	8738	327.933655	8000	8	8	15
32	PACKET_3	serial	131072	2248.107422	8000	8	8	15
32	PACKET_3	parallel	131072	346.116669	1000	16	1	1
32	PACKET_3	serial	131072	293.560333	1000	16	1	1
32	PACKET_3	parallel	65536	221.636322	1000	16	1	2
32	PACKET_3	serial	131072	293.787323	1000	16	1	2
32	PACKET_3	parallel	43690	159.360657	1000	16	1	3
32	PACKET_3	serial	131072	292.774017	1000	16	1	3
32	PACKET_3	parallel	18724	117.199661	1000	16	1	7
32	PACKET_3	serial	131072	289.184021	1000	16	1	7
32	PACKET_3	parallel	8738	186.018997	1000	16	1	15
32	PACKET_3	serial	131072	294.650665	1000	16	1	15
32	PACKET_3	parallel	131072	366.996002	1000	16	4	1
32	PACKET_3	serial	131072	290.102661	1000	16	4	1
32	PACKET_3	parallel	65536	217.438004	1000	16	4	2
32	PACKET_3	serial	131072	289.170685	1000	16	4	2
32	PACKET_3	parallel	43690	169.799652	1000	16	4	3
32	PACKET_3	serial	131072	290.601318	1000	16	4	3
32	PACKET_3	parallel	18724	139.341660	1000	16	4	7
32	PACKET_3	serial	131072	295.483337	1000	16	4	7
32	PACKET_3	parallel	8738	171.028336	1000	16	4	15
32	PACKET_3	serial	131072	298.834656	1000	16	4	15
32	PACKET_3	parallel	131072	340.112000	1000	16	8	1
32	PACKET_3	serial	131072	293.003693	1000	16	8	1
32	PACKET_3	parallel	65536	204.984344	1000	16	8	2
32	PACKET_3	serial	131072	289.052002	1000	16	8	2
32	PACKET_3	parallel	43690	161.130661	1000	16	8	3
32	PACKET_3	serial	131072	289.331665	1000	16	8	3
32	PACKET_3	parallel	18724	127.989334	1000	16	8	7
32	PACKET_3	serial	131072	289.602325	1000	16	8	7
32	PACKET_3	parallel	8738	186.713989	1000	16	8	15
32	PACKET_3	serial	131072	288.564331	1000	16	8	15
32	PACKET_3	parallel	131072	641.690979	2000	16	1	1
32	PACKET_3	serial	131072	565.430664	2000	16	1	1
32	PACKET_3	parallel	65536	375.743347	2000	16	1	2
32	PACKET_3	serial	131072	567.270630	2000	16	1	2
32	PACKET_3	parallel	43690	272.751007	2000	16	1	3
32	PACKET_3	serial	131072	573.488708	2000	16	1	3
32	PACKET_3	parallel	18724	187.292328	2000	16	1	7
32	PACKET_3	serial	131072	575.612976	2000	16	1	7
32	PACKET_3	parallel	8738	144.491333	2000	16	1	15
32	PACKET_3	serial	131072	571.109680	2000	16	1	15
32	PACKET_3	parallel	131072	642.025330	2000	16	4	1
32	PACKET_3	serial	131072	581.929321	2000	16	4	1
32	PACKET_3	parallel	65536	361.811005	2000	16	4	2
32	PACKET_3	serial	131072	577.372314	2000	16	4	2
32	PACKET_3	parallel	43690	274.786987	2000	16	4	3
32	PACKET_3	serial	131072	576.909668	2000	16	4	3
32	PACKET_3	parallel	18724	175.218994	2000	16	4	7
32	PACKET_3	serial	131072	574.156677	2000	16	4	7
32	PACKET_3	parallel	8738	221.622986	2000	16	4	15
32	PACKET_3	serial	131072	566.176025	2000	16	4	15
32	PACKET_3	parallel	131072	610.570679	2000	16	8	1
32	PACKET_3	serial	131072	565.513367	2000	16	8	1
32	PACKET_3	parallel	65536	375.054016	2000	16	8	2
32	PACKET_3	serial	131072	569.531006	2000	16	8	2
32	PACKET_3	parallel	43690	273.736328	2000	16	8	3
32	PACKET_3	serial	131072	570.584656	2000	16	8	3
32	PACKET_3	parallel	18724	187.786346	2000	16	8	7
32	PACKET_3	serial	131072	571.250977	2000	16	8	7
32	PACKET_3	parallel	8738	134.257339	2000	16	8	15
32	PACKET_3	serial	131072	565.426697	2000	16	8	15
32	PACKET_3	parallel	131072	1199.358643	4000	16	1	1
32	PACKET_3	serial	131072	1126.866699	4000	16	1	1
32	PACKET_3	parallel	65536	712.100342	4000	16	1	2
32	PACKET_3	serial	131072	1127.412598	4000	16	1	2
32	PACKET_3	parallel	43690	513.057678	4000	16	1	3
32	PACKET_3	serial	131072	1121.450928	4000	16	1	3
32	PACKET_3	parallel	18724	356.190002	4000	16	1	7
32	PACKET_3	serial	131072	1126.417969	4000	16	1	7
32	PACKET_3	parallel	8738	169.757004	4000	16	1	15
32	PACKET_3	serial	131072	1137.897949	4000	16	1	15
32	PACKET_3	parallel	131072	1199.892944	4000	16	4	1
32	PACKET_3	serial	131072	1141.315674	4000	16	4	1
32	PACKET_3	parallel	65536	690.767334	4000	16	4	2
32	PACKET_3	serial	131072	1123.659302	4000	16	4	2
32	PACKET_3	parallel	43690	473.915680	4000	16	4	3
32	PACKET_3	serial	131072	1132.871338	4000	16	4	3
32	PACKET_3	parallel	18724	241.754333	4000	16	4	7
32	PACKET_3	serial	131072	1124.866943	4000	16	4	7
32	PACKET_3	parallel	8738	246.816315	4000	16	4	15
32	PACKET_3	serial	131072	1124.847290	4000	16	4	15
32	PACKET_3	parallel	131072	1178.917358	4000	16	8	1
32	PACKET_3	serial	131072	1122.049316	4000	16	8	1
32	PACKET_3	parallel	65536	717.464355	4000	16	8	2
32	PACKET_3	serial	131072	1122.551025	4000	16	8	2
32	PACKET_3	parallel	43690	514.458679	4000	16	8	3
32	PACKET_3	serial	131072	1119.751343	4000	16	8	3
32	PACKET_3	parallel	18724	355.582336	4000	16	8	7
32	PACKET_3	serial	131072	1134.008667	4000	16	8	7
32	PACKET_3	parallel	8738	180.982666	4000	16	8	15
32	PACKET_3	serial	131072	1136.589355	4000	16	8	15
32	PACKET_3	parallel	131072	2297.773682	8000	16	1	1
32	PACKET_3	serial	131072	2238.643311	8000	16	1	1
32	PACKET_3	parallel	65536	1367.070068	8000	16	1	2
32	PACKET_3	serial	131072	2243.754150	8000	16	1	2
32	PACKET_3	parallel	43690	1002.944946	8000	16	1	3
32	PACKET_3	serial	131072	2228.537354	8000	16	1	3
32	PACKET_3	parallel	18724	678.366333	8000	16	1	7
32	PACKET_3	serial	131072	2232.118652	8000	16	1	7
32	PACKET_3	parallel	8738	328.119354	8000	16	1	15
32	PACKET_3	serial	131072	2247.307373	8000	16	1	15
32	PACKET_3	parallel	131072	2304.546631	8000	16	4	1
32	PACKET_3	serial	131072	2261.930420	8000	16	4	1
32	PACKET_3	parallel	65536	1208.152954	8000	16	4	2
32	PACKET_3	serial	131072	2246.647705	8000	16	4	2
32	PACKET_3	parallel	43690	862.157654	8000	16	4	3
32	PACKET_3	serial	131072	2248.401367	8000	16	4	3
32	PACKET_3	parallel	18724	436.416687	8000	16	4	7
32	PACKET_3	serial	131072	2258.278809	8000	16	4	7
32	PACKET_3	parallel	8738	310.837006	8000	16	4	15
32	PACKET_3	serial	131072	2235.770996	8000	16	4	15
32	PACKET_3	parallel	131072	2278.682129	8000	16	8	1
32	PACKET_3	serial	131072	2239.812744	8000	16	8	1
32	PACKET_3	parallel	65536	1351.872314	8000	16	8	2
32	PACKET_3	serial	131072	2241.029785	8000	16	8	2
32	PACKET_3	parallel	43690	995.812988	8000	16	8	3
32	PACKET_3	serial	131072	2238.505371	8000	16	8	3
32	PACKET_3	parallel	18724	701.447021	8000	16	8	7
32	PACKET_3	serial	131072	2238.813232	8000	16	8	7
32	PACKET_3	parallel	8738	326.359680	8000	16	8	15
32	PACKET_3	serial	131072	2245.352051	8000	16	8	15
32	PACKET_4	parallel	131072	363.661011	1000	1	16	1
32	PACKET_4	serial	131072	290.430328	1000	1	16	1
32	PACKET_4	parallel	65536	235.039673	1000	1	16	2
32	PACKET_4	serial	131072	294.686981	1000	1	16	2
32	PACKET_4	parallel	43690	166.045670	1000	1	16	3
32	PACKET_4	serial	131072	293.899017	1000	1	16	3
32	PACKET_4	parallel	18724	124.597336	1000	1	16	7
32	PACKET_4	serial	131072	296.690979	1000	1	16	7
32	PACKET_4	parallel	8738	185.307678	1000	1	16	15
32	PACKET_4	serial	131072	292.440674	1000	1	16	15
32	PACKET_4	parallel	131072	661.961975	2000	1	16	1
32	PACKET_4	serial	131072	570.466675	2000	1	16	1
32	PACKET_4	parallel	65536	392.729675	2000	1	16	2
32	PACKET_4	serial	131072	567.365967	2000	1	16	2
32	PACKET_4	parallel	43690	282.056671	2000	1	16	3
32	PACKET_4	serial	131072	574.632996	2000	1	16	3
32	PACKET_4	parallel	18724	196.588989	2000	1	16	7
32	PACKET_4	serial	131072	570.606323	2000	1	16	7
32	PACKET_4	parallel	8738	127.641663	2000	1	16	15
32	PACKET_4	serial	131072	569.076355	2000	1	16	15
32	PACKET_4	parallel	131072	1236.859985	4000	1	16	1
32	PACKET_4	serial	131072	1141.239380	4000	1	16	1
32	PACKET_4	parallel	65536	726.615662	4000	1	16	2
32	PACKET_4	serial	131072	1125.715454	4000	1	16	2
32	PACKET_4	parallel	43690	520.997620	4000	1	16	3
32	PACKET_4	serial	131072	1133.944702	4000	1	16	3
32	PACKET_4	parallel	18724	356.451660	4000	1	16	7
32	PACKET_4	serial	131072	1137.866699	4000	1	16	7
32	PACKET_4	parallel	8738	180.981995	4000	1	16	15
32	PACKET_4	serial	131072	1132.349976	4000	1	16	15
32	PACKET_4	parallel	131072	2379.099365	8000	1	16	1
32	PACKET_4	serial	131072	2268.792725	8000	1	16	1
32	PACKET_4	parallel	65536	1381.410400	8000	1	16	2
32	PACKET_4	serial	131072	2233.818359	8000	1	16	2
32	PACKET_4	parallel	43690	991.693298	8000	1	16	3
32	PACKET_4	serial	131072	2240.947998	8000	1	16	3
32	PACKET_4	parallel	18724	694.307007	8000	1	16	7
32	PACKET_4	serial	131072	2240.803467	8000	1	16	7
32	PACKET_4	parallel	8738	332.941010	8000	1	16	15
32	PACKET_4	serial	131072	2253.268066	8000	1	16	15
32	PACKET_4	parallel	131072	392.023682	1000	2	16	1
32	PACKET_4	serial	131072	289.870331	1000	2	16	1
32	PACKET_4	parallel	65536	223.590668	1000	2	16	2
32	PACKET_4	serial	131072	291.383331	1000	2	16	2
32	PACKET_4	parallel	43690	168.147995	1000	2	16	3
32	PACKET_4	serial	131072	292.611969	1000	2	16	3
32	PACKET_4	parallel	18724	120.895996	1000	2	16	7
32	PACKET_4	serial	131072	291.190674	1000	2	16	7
32	PACKET_4	parallel	8738	141.716675	1000	2	16	15
32	PACKET_4	serial	131072	287.838989	1000	2	16	15
32	PACKET_4	parallel	131072	657.281677	2000	2	16	1
32	PACKET_4	serial	131072	567.985657	2000	2	16	1
32	PACKET_4	parallel	65536	384.567657	2000	2	16	2
32	PACKET_4	serial	131072	573.798340	2000	2	16	2
32	PACKET_4	parallel	43690	289.166351	2000	2	16	3
32	PACKET_4	serial	131072	580.510681	2000	2	16	3
32	PACKET_4	parallel	18724	192.142334	2000	2	16	7
32	PACKET_4	serial	131072	576.540710	2000	2	16	7
32	PACKET_4	parallel	8738	126.577667	2000	2	16	15
32	PACKET_4	serial	131072	565.055969	2000	2	16	15
32	PACKET_4	parallel	131072	1234.794067	4000	2	16	1
32	PACKET_4	serial	131072	1127.500977	4000	2	16	1
32	PACKET_4	parallel	65536	718.565674	4000	2	16	2
32	PACKET_4	serial	131072	1122.548950	4000	2	16	2
32	PACKET_4	parallel	43690	525.132690	4000	2	16	3
32	PACKET_4	serial	131072	1122.503906	4000	2	16	3
32	PACKET_4	parallel	18724	354.648315	4000	2	16	7
32	PACKET_4	serial	131072	1130.550049	4000	2	16	7
32	PACKET_4	parallel	8738	182.051666	4000	2	16	15
32	PACKET_4	serial	131072	1131.726685	4000	2	16	15
32	PACKET_4	parallel	131072	2333.110107	8000	2	16	1
32	PACKET_4	serial	131072	2236.796631	8000	2	16	1
32	PACKET_4	parallel	65536	1371.112671	8000	2	16	2
32	PACKET_4	serial	131072	2230.604004	8000	2	16	2
32	PACKET_4	parallel	43690	1012.263672	8000	2	16	3
32	PACKET_4	serial	131072	2235.982178	8000	2	16	3
32	PACKET_4	parallel	18724	707.908020	8000	2	16	7
32	PACKET_4	serial	131072	2233.261963	8000	2	16	7
32	PACKET_4	parallel	8738	331.431000	8000	2	16	15
32	PACKET_4	serial	131072	2284.671631	8000	2	16	15
32	PACKET_4	parallel	131072	386.392334	1000	4	16	1
32	PACKET_4	serial	131072	303.030334	1000	4	16	1
32	PACKET_4	parallel	65536	224.995331	1000	4	16	2
32	PACKET_4	serial	131072	302.103333	1000	4	16	2
32	PACKET_4	parallel	43690	163.080994	1000	4	16	3
32	PACKET_4	serial	131072	300.360657	1000	4	16	3
32	PACKET_4	parallel	18724	118.160995	1000	4	16	7
32	PACKET_4	serial	131072	297.402679	1000	4	16	7
32	PACKET_4	parallel	8738	152.435333	1000	4	16	15
32	PACKET_4	serial	131072	294.221313	1000	4	16	15
32	PACKET_4	parallel	131072	668.013306	2000	4	16	1
32	PACKET_4	serial	131072	579.351990	2000	4	16	1
32	PACKET_4	parallel	65536	397.991333	2000	4	16	2
32	PACKET_4	serial	131072	576.042969	2000	4	16	2
32	PACKET_4	parallel	43690	280.960327	2000	4	16	3
32	PACKET_4	serial	131072	566.057983	2000	4	16	3
32	PACKET_4	parallel	18724	185.335999	2000	4	16	7
32	PACKET_4	serial	131072	566.436035	2000	4	16	7
32	PACKET_4	parallel	8738	127.912674	2000	4	16	15
32	PACKET_4	serial	131072	563.203003	2000	4	16	15
32	PACKET_4	parallel	131072	1207.409668	4000	4	16	1
32	PACKET_4	serial	131072	1135.542969	4000	4	16	1
32	PACKET_4	parallel	65536	704.615662	4000	4	16	2
32	PACKET_4	serial	131072	1124.673096	4000	4	16	2
32	PACKET_4	parallel	43690	516.159363	4000	4	16	3
32	PACKET_4	serial	131072	1120.534424	4000	4	16	3
32	PACKET_4	parallel	18724	357.951996	4000	4	16	7
32	PACKET_4	serial	131072	1117.668335	4000	4	16	7
32	PACKET_4	parallel	8738	186.977997	4000	4	16	15
32	PACKET_4	serial	131072	1120.602905	4000	4	16	15
32	PACKET_4	parallel	131072	2337.039307	8000	4	16	1
32	PACKET_4	serial	131072	2239.458984	8000	4	16	1
32	PACKET_4	parallel	65536	1370.587280	8000	4	16	2
32	PACKET_4	serial	131072	2236.786621	8000	4	16	2
32	PACKET_4	parallel	43690	987.052368	8000	4	16	3
32	PACKET_4	serial	131072	2231.648193	8000	4	16	3
32	PACKET_4	parallel	18724	686.773987	8000	4	16	7
32	PACKET_4	serial	131072	2238.633789	8000	4	16	7
32	PACKET_4	parallel	8738	325.688324	8000	4	16	15
32	PACKET_4	serial	131072	2226.577637	8000	4	16	15
32	PACKET_4	parallel	131072	368.697998	1000	8	16	1
32	PACKET_4	serial	131072	292.102325	1000	8	16	1
32	PACKET_4	parallel	65536	220.328339	1000	8	16	2
32	PACKET_4	serial	131072	288.219330	1000	8	16	2
32	PACKET_4	parallel	43690	159.998993	1000	8	16	3
32	PACKET_4	serial	131072	289.605011	1000	8	16	3
32	PACKET_4	parallel	18724	118.065338	1000	8	16	7
32	PACKET_4	serial	131072	288.732330	1000	8	16	7
32	PACKET_4	parallel	8738	204.844681	1000	8	16	15
32	PACKET_4	serial	131072	287.443665	1000	8	16	15
32	PACKET_4	parallel	131072	646.288330	2000	8	16	1
32	PACKET_4	serial	131072	564.459351	2000	8	16	1
32	PACKET_4	parallel	65536	386.265350	2000	8	16	2
32	PACKET_4	serial	131072	573.054016	2000	8	16	2
32	PACKET_4	parallel	43690	280.091339	2000	8	16	3
32	PACKET_4	serial	131072	565.342041	2000	8	16	3
32	PACKET_4	parallel	18724	189.534348	2000	8	16	7
32	PACKET_4	serial	131072	569.435669	2000	8	16	7
32	PACKET_4	parallel	8738	139.293991	2000	8	16	15
32	PACKET_4	serial	131072	563.395630	2000	8	16	15
32	PACKET_4	parallel	131072	1215.631958	4000	8	16	1
32	PACKET_4	serial	131072	1123.524414	4000	8	16	1
32	PACKET_4	parallel	65536	713.320312	4000	8	16	2
32	PACKET_4	serial	131072	1120.690308	4000	8	16	2
32	PACKET_4	parallel	43690	513.184326	4000	8	16	3
32	PACKET_4	serial	131072	1122.927002	4000	8	16	3
32	PACKET_4	parallel	18724	362.238678	4000	8	16	7
32	PACKET_4	serial	131072	1127.477295	4000	8	16	7
32	PACKET_4	parallel	8738	173.724335	4000	8	16	15
32	PACKET_4	serial	131072	1122.438965	4000	8	16	15
32	PACKET_4	parallel	131072	2332.442871	8000	8	16	1
32	PACKET_4	serial	131072	2231.232178	8000	8	16	1
32	PACKET_4	parallel	65536	1393.427002	8000	8	16	2
32	PACKET_4	serial	131072	2237.641357	8000	8	16	2
32	PACKET_4	parallel	43690	982.347656	8000	8	16	3
32	PACKET_4	serial	131072	2236.880371	8000	8	16	3
32	PACKET_4	parallel	18724	700.374023	8000	8	16	7
32	PACKET_4	serial	131072	2228.996094	8000	8	16	7
32	PACKET_4	parallel	8738	334.559326	8000	8	16	15
32	PACKET_4	serial	131072	2232.104736	8000	8	16	15
32	PACKET_4	parallel	131072	376.898315	1000	16	16	1
32	PACKET_4	serial	131072	288.178009	1000	16	16	1
32	PACKET_4	parallel	65536	218.010681	1000	16	16	2
32	PACKET_4	serial	131072	289.534668	1000	16	16	2
32	PACKET_4	parallel	43690	162.425003	1000	16	16	3
32	PACKET_4	serial	131072	288.648987	1000	16	16	3
32	PACKET_4	parallel	18724	114.714996	1000	16	16	7
32	PACKET_4	serial	131072	289.946655	1000	16	16	7
32	PACKET_4	parallel	8738	198.695007	1000	16	16	15
32	PACKET_4	serial	131072	291.762665	1000	16	16	15
32	PACKET_4	parallel	131072	644.932007	2000	16	16	1
32	PACKET_4	serial	131072	565.850342	2000	16	16	1
32	PACKET_4	parallel	65536	386.542358	2000	16	16	2
32	PACKET_4	serial	131072	564.353333	2000	16	16	2
32	PACKET_4	parallel	43690	276.996338	2000	16	16	3
32	PACKET_4	serial	131072	574.510010	2000	16	16	3
32	PACKET_4	parallel	18724	194.891342	2000	16	16	7
32	PACKET_4	serial	131072	576.481323	2000	16	16	7
32	PACKET_4	parallel	8738	148.502335	2000	16	16	15
32	PACKET_4	serial	131072	573.903992	2000	16	16	15
32	PACKET_4	parallel	131072	1228.027710	4000	16	16	1
32	PACKET_4	serial	131072	1126.747681	4000	16	16	1
32	PACKET_4	parallel	65536	691.667297	4000	16	16	2
32	PACKET_4	serial	131072	1126.142944	4000	16	16	2
32	PACKET_4	parallel	43690	530.338318	4000	16	16	3
32	PACKET_4	serial	131072	1131.014648	4000	16	16	3
32	PACKET_4	parallel	18724	354.864014	4000	16	16	7
32	PACKET_4	serial	131072	1127.185669	4000	16	16	7
32	PACKET_4	parallel	8738	178.352997	4000	16	16	15
32	PACKET_4	serial	131072	1125.112915	4000	16	16	15
32	PACKET_4	parallel	131072	2324.448730	8000	16	16	1
32	PACKET_4	serial	131072	2238.052734	8000	16	16	1
32	PACKET_4	parallel	65536	1362.830933	8000	16	16	2
32	PACKET_4	serial	131072	2248.950928	8000	16	16	2
32	PACKET_4	parallel	43690	989.913696	8000	16	16	3
32	PACKET_4	serial	131072	2250.311035	8000	16	16	3
32	PACKET_4	parallel	18724	697.369995	8000	16	16	7
32	PACKET_4	serial	131072	2231.656982	8000	16	16	7
32	PACKET_4	parallel	8738	328.862000	8000	16	16	15
32	PACKET_4	serial	131072	2231.887451	8000	16	16	15
